{
  "inversion_rates": {
    "total_chromosome_pairs_with_inversions": 10,
    "total_flipped_genes": "1745",
    "total_analysed_genes": 3429,
    "genome_coverage_mb": 610.706322,
    "inversion_events_per_mb": 0.01637448252910013,
    "flipped_genes_per_mb": 2.8573472013279733,
    "rates_by_type": {
      "High strand discordance (Many small inversions[>50%])": 0.0065497930116400534,
      "Large-scale inversion (negative correlation)": 0.0032748965058200267,
      "Minor strand differences (<50%)": 0.0065497930116400534
    },
    "rates_by_chromosome": {
      "OU343114.1": 0.0032748965058200267,
      "OU343115.1": 0.00491234475873004,
      "OU343116.1": 0.0032748965058200267,
      "OU343117.1": 0.0016374482529100134,
      "OU343118.1": 0.0016374482529100134,
      "OU343119.1": 0.0016374482529100134
    },
    "global_flip_rate": 0.5088947214931467
  },
  "gene_density_correlation": {
    "gene_density_species_a": {
      "OU343114.1": 10.38272126404912,
      "OU343115.1": 11.471735606842472,
      "OU343116.1": 13.185223381011777,
      "OU343117.1": 12.791196408313262,
      "OU343118.1": 5.1285501056015095,
      "OU343119.1": 1.119751426867598
    },
    "gene_density_species_b": {
      "CM085463.1": 7.388325051167946,
      "CM085467.1": 9.637247664846704,
      "CM085462.1": 4.530085918098418,
      "CM085464.1": 6.631039157514196,
      "CM085465.1": 5.381461866777753,
      "CM085468.1": 2.510557816154797,
      "CM085469.1": 1.7643425902252199
    },
    "inversion_density_species_a": {
      "OU343114.1": 5.570966053733866,
      "OU343115.1": 5.441361143587872,
      "OU343116.1": 6.472746023405782,
      "OU343117.1": 6.984399308666289,
      "OU343118.1": 2.375562170127106,
      "OU343119.1": 0.5842181357570078
    },
    "inversion_density_species_b": {
      "CM085463.1": 3.9833337604633448,
      "CM085467.1": 4.24038897253255,
      "CM085462.1": 2.210432279209906,
      "CM085464.1": 3.6122790472260973,
      "CM085465.1": 2.654039147933574,
      "CM085468.1": 1.1046454391081106,
      "CM085469.1": 0.9205265688131582
    }
  }
}