{
  "inversion_rates": {
    "total_chromosome_pairs_with_inversions": 58,
    "total_flipped_genes": "2011",
    "total_analysed_genes": 4086,
    "genome_coverage_mb": 1982.762277,
    "inversion_events_per_mb": 0.029252119970608056,
    "flipped_genes_per_mb": 1.0142416079464276,
    "rates_by_type": {
      "Multiple Single Gene Flips": 0.013113019297169128,
      "Large Multigene Inversion within": 0.01008693792089933,
      "Single Gene Inversions": 0.006052162752539597,
      "None": 0.0
    },
    "rates_by_chromosome": {
      "OU343114.1": 0.004539122064404698,
      "OU343115.1": 0.005547815856494631,
      "OU343116.1": 0.005547815856494631,
      "OU343118.1": 0.005043468960449665,
      "OU343117.1": 0.005043468960449665,
      "OU343119.1": 0.0035304282723147653
    },
    "global_flip_rate": 0.4921683798335781
  },
  "gene_density_correlation": {
    "gene_density_species_a": {
      "OU343114.1": 11.049595653538441,
      "OU343115.1": 12.638851358794092,
      "OU343116.1": 14.612683274696794,
      "OU343118.1": 12.947216887652718,
      "OU343117.1": 13.906967382537795,
      "OU343119.1": 1.9960786305031097
    },
    "gene_density_species_b": {
      "CM085463.1": 7.597974196455491,
      "CM085467.1": 10.350960321355473,
      "CM085462.1": 4.888607691089421,
      "CM085468.1": 3.3943050411178777,
      "CM085464.1": 8.85220466301265,
      "CM085465.1": 5.744788480677257,
      "CM085466.1": 4.298909236183986,
      "CM085469.1": 2.750181951273957,
      "JBEUDM010000029.1": 15.09028517620926,
      "JBEUDM010000018.1": 18.090575895393055,
      "JBEUDM010000019.1": 30.743689857656715,
      "JBEUDM010000085.1": 125.58869701726843,
      "JBEUDM010000011.1": 3.1051522549305157,
      "JBEUDM010000015.1": 6.50164410325261
    },
    "inversion_density_species_a": {
      "OU343114.1": 5.889013839490311,
      "OU343115.1": 6.04649367331013,
      "OU343116.1": 7.278701000637117,
      "OU343118.1": 5.9552786365693935,
      "OU343117.1": 6.476383350408112,
      "OU343119.1": 1.0223817375747635
    },
    "inversion_density_species_b": {
      "CM085463.1": 4.099002254415093,
      "CM085467.1": 4.569838865279277,
      "CM085462.1": 2.4287019061050636,
      "CM085468.1": 1.4678075853482713,
      "CM085464.1": 4.104482438905519,
      "CM085465.1": 2.8479483319102146,
      "CM085466.1": 2.0481714161923703,
      "CM085469.1": 1.2986970325460352,
      "JBEUDM010000029.1": 3.018057035241852,
      "JBEUDM010000018.1": 10.854345537235833,
      "JBEUDM010000019.1": 30.743689857656715,
      "JBEUDM010000085.1": 62.794348508634215,
      "JBEUDM010000011.1": 0.6210304509861032,
      "JBEUDM010000015.1": 4.8762330774394576
    }
  }
}