{
  "inversion_rates": {
    "total_chromosome_pairs_with_inversions": 31,
    "total_flipped_genes": "2109",
    "total_analysed_genes": 4102,
    "genome_coverage_mb": 1080.354958,
    "inversion_events_per_mb": 0.028694272905812872,
    "flipped_genes_per_mb": 1.9521361793019143,
    "rates_by_type": {
      "Large Multigene Inversion within": 0.013884325599586873,
      "Multiple Single Gene Flips": 0.012033082186308624,
      "Single Gene Inversions": 0.0027768651199173745,
      "None": 0.0
    },
    "rates_by_chromosome": {
      "OU343114.1": 0.0046281085331956245,
      "OU343115.1": 0.0064793519464738745,
      "OU343118.1": 0.0046281085331956245,
      "OU343116.1": 0.0046281085331956245,
      "OU343117.1": 0.005553730239834749,
      "OU343119.1": 0.0027768651199173745
    },
    "global_flip_rate": 0.5141394441735738
  },
  "gene_density_correlation": {
    "gene_density_species_a": {
      "OU343114.1": 11.16245131945202,
      "OU343115.1": 12.891923214305562,
      "OU343118.1": 13.013386650281268,
      "OU343116.1": 14.225714360738872,
      "OU343117.1": 13.967873809030662,
      "OU343119.1": 2.0934483197959444
    },
    "gene_density_species_b": {
      "OY284468.1": 15.827072854738203,
      "OY284472.1": 14.260914250767156,
      "OY284470.1": 16.168744577827255,
      "OY284471.1": 14.535521260120836,
      "OY284469.1": 15.62893254998288,
      "OY284473.1": 1.4251780370519112
    },
    "inversion_density_species_a": {
      "OU343114.1": 5.950571475443172,
      "OU343115.1": 6.452960479690406,
      "OU343118.1": 6.793428963197679,
      "OU343116.1": 6.891732086679195,
      "OU343117.1": 7.430584032129683,
      "OU343119.1": 0.9736968929283463
    },
    "inversion_density_species_b": {
      "OY284468.1": 8.352777302773573,
      "OY284472.1": 7.510911808493545,
      "OY284470.1": 7.7274000060265315,
      "OY284471.1": 7.748009129844146,
      "OY284469.1": 7.9157336565248055,
      "OY284473.1": 0.729160856166094
    }
  }
}