{
  "inversion_rates": {
    "total_chromosome_pairs_with_inversions": 35,
    "total_flipped_genes": "2206",
    "total_analysed_genes": 4404,
    "genome_coverage_mb": 1505.639689,
    "inversion_events_per_mb": 0.023245933443243605,
    "flipped_genes_per_mb": 1.4651579764512968,
    "rates_by_type": {
      "Single Gene Inversions": 0.005313356215598538,
      "None": 0.0,
      "Large Multigene Inversion within": 0.00730586479644799,
      "Multiple Single Gene Flips": 0.010626712431197076
    },
    "rates_by_chromosome": {
      "OU343114.1": 0.003985017161698904,
      "OU343115.1": 0.003985017161698904,
      "OU343118.1": 0.0033208476347490862,
      "OU343116.1": 0.004649186688648721,
      "OU343117.1": 0.005313356215598538,
      "OU343119.1": 0.001992508580849452
    },
    "global_flip_rate": 0.5009082652134423
  },
  "gene_density_correlation": {
    "gene_density_species_a": {
      "OU343114.1": 11.798546890964909,
      "OU343115.1": 13.982516619529676,
      "OU343118.1": 14.026499409629933,
      "OU343116.1": 15.368194011471786,
      "OU343117.1": 14.982980917245099,
      "OU343119.1": 2.2881876983816136
    },
    "gene_density_species_b": {
      "OZ005741.1": 3.519237354781467,
      "OZ005740.1": 2.640076332064763,
      "OZ005744.1": 3.3835948125822792,
      "OZ005743.1": 3.7076388107956553,
      "OZ005742.1": 2.9225765220957847,
      "CAWVNZ010001906.1": 41.13787358331448,
      "CAWVNZ010001975.1": 226.03978300180833
    },
    "inversion_density_species_a": {
      "OU343114.1": 5.683821719647443,
      "OU343115.1": 7.222200776453767,
      "OU343118.1": 6.638327550783978,
      "OU343116.1": 8.181628466538937,
      "OU343117.1": 7.633605453772571,
      "OU343119.1": 0.7302726696962597
    },
    "inversion_density_species_b": {
      "OZ005741.1": 1.771548295542535,
      "OZ005740.1": 1.2505624730833087,
      "OZ005744.1": 1.7060541260070763,
      "OZ005743.1": 1.9925091364749719,
      "OZ005742.1": 1.4269498946002916,
      "CAWVNZ010001906.1": 20.56893679165724,
      "CAWVNZ010001975.1": 0.0
    }
  }
}