{
  "inversion_rates": {
    "total_chromosome_pairs_with_inversions": 6,
    "total_flipped_genes": "2047",
    "total_analysed_genes": 3994,
    "genome_coverage_mb": 338.260795,
    "inversion_events_per_mb": 0.017737793113151053,
    "flipped_genes_per_mb": 6.051543750436701,
    "rates_by_type": {
      "Large-scale inversion (negative correlation)": 0.011825195408767369,
      "High strand discordance (Many small inversions[>50%])": 0.0059125977043836845
    },
    "rates_by_chromosome": {
      "OU343114.1": 0.0029562988521918423,
      "OU343118.1": 0.0029562988521918423,
      "OU343116.1": 0.0029562988521918423,
      "OU343117.1": 0.0029562988521918423,
      "OU343115.1": 0.0029562988521918423,
      "OU343119.1": 0.0029562988521918423
    },
    "global_flip_rate": 0.5125187781672509
  },
  "gene_density_correlation": {
    "gene_density_species_a": {
      "OU343114.1": 11.029076441554155,
      "OU343118.1": 12.484028549252878,
      "OU343116.1": 13.849094768027756,
      "OU343117.1": 13.522121917359733,
      "OU343115.1": 12.58522553039131,
      "OU343119.1": 1.8013392519174405
    },
    "gene_density_species_b": {
      "OY284468.1": 15.481440690485503,
      "OY284472.1": 13.881577488731397,
      "OY284470.1": 15.770163992066452,
      "OY284471.1": 14.215763095546023,
      "OY284469.1": 15.173811965210685,
      "OY284473.1": 1.2305880963883071
    },
    "inversion_density_species_a": {
      "OU343114.1": 5.847975415521738,
      "OU343118.1": 6.462580150054935,
      "OU343116.1": 6.620272998298221,
      "OU343117.1": 7.187434172290309,
      "OU343115.1": 6.327610611498189,
      "OU343119.1": 0.925012048281929
    },
    "inversion_density_species_b": {
      "OY284468.1": 8.208763901001616,
      "OY284472.1": 7.18604629717014,
      "OY284470.1": 7.538600363717519,
      "OY284471.1": 7.556126330065003,
      "OY284469.1": 7.629102345133737,
      "OY284473.1": 0.6319236170642658
    }
  }
}