{
  "inversion_rates": {
    "total_chromosome_pairs_with_inversions": 5,
    "total_flipped_genes": "1070",
    "total_analysed_genes": 4439,
    "genome_coverage_mb": 1217.448981,
    "inversion_events_per_mb": 0.004106948281227401,
    "flipped_genes_per_mb": 0.8788869321826637,
    "rates_by_type": {
      "Minor strand differences (<50%)": 0.004106948281227401
    },
    "rates_by_chromosome": {
      "OZ005741.1": 0.0008213896562454801,
      "OZ005743.1": 0.0008213896562454801,
      "OZ005740.1": 0.0008213896562454801,
      "OZ005742.1": 0.0008213896562454801,
      "OZ005744.1": 0.0008213896562454801
    },
    "global_flip_rate": 0.241045280468574
  },
  "gene_density_correlation": {
    "gene_density_species_a": {
      "OZ005741.1": 3.8950203265632166,
      "OZ005743.1": 4.045117156416706,
      "OZ005740.1": 2.8644699362479034,
      "OZ005742.1": 3.1510874442826413,
      "OZ005744.1": 8.256477979797141
    },
    "gene_density_species_b": {
      "OZ002741.1": 4.224737656326655,
      "OZ002743.1": 4.431192865117087,
      "OZ002740.1": 2.6676787998509273,
      "OZ002742.1": 3.972581053194048,
      "OZ002745.1": 8.08287807767554
    },
    "inversion_density_species_a": {
      "OZ005741.1": 1.5568151688101064,
      "OZ005743.1": 0.9615821354681998,
      "OZ005740.1": 0.4878107218164746,
      "OZ005742.1": 0.19074379202679428,
      "OZ005744.1": 2.3086834161518075
    },
    "inversion_density_species_b": {
      "OZ002741.1": 1.6886011153158609,
      "OZ002743.1": 1.0533578467935476,
      "OZ002740.1": 0.4542977758161975,
      "OZ002742.1": 0.24047100806259372,
      "OZ002745.1": 2.2601412634258615
    }
  }
}