{
  "inversion_rates": {
    "total_chromosome_pairs_with_inversions": 18,
    "total_flipped_genes": "1845",
    "total_analysed_genes": 4805,
    "genome_coverage_mb": 1483.58555,
    "inversion_events_per_mb": 0.012132768481062652,
    "flipped_genes_per_mb": 1.243608769308922,
    "rates_by_type": {
      "Single Gene Inversions": 0.004044256160354217,
      "None": 0.0,
      "Large Multigene Inversion within": 0.0013480853867847392,
      "Multiple Single Gene Flips": 0.006740426933923696
    },
    "rates_by_chromosome": {
      "OZ005741.1": 0.0020221280801771086,
      "CAWVNZ010000557.1": 0.0,
      "OZ005740.1": 0.0006740426933923696,
      "OZ005744.1": 0.0013480853867847392,
      "OZ005743.1": 0.0020221280801771086,
      "OZ005742.1": 0.0026961707735694783,
      "CAWVNZ010002802.1": 0.0,
      "CAWVNZ010001906.1": 0.0,
      "CAWVNZ010000254.1": 0.0,
      "CAWVNZ010000617.1": 0.0006740426933923696,
      "CAWVNZ010000329.1": 0.0006740426933923696,
      "CAWVNZ010003062.1": 0.0006740426933923696,
      "CAWVNZ010002418.1": 0.0006740426933923696,
      "CAWVNZ010000760.1": 0.0,
      "CAWVNZ010001975.1": 0.0006740426933923696,
      "CAWVNZ010000232.1": 0.0
    },
    "global_flip_rate": 0.3839750260145682
  },
  "gene_density_correlation": {
    "gene_density_species_a": {
      "OZ005741.1": 3.892037922025266,
      "OZ005740.1": 2.8640999950434054,
      "OZ005744.1": 3.668729206901011,
      "OZ005743.1": 4.0589861295244205,
      "OZ005742.1": 3.155314339129522,
      "CAWVNZ010001906.1": 41.13787358331448,
      "CAWVNZ010001975.1": 226.03978300180833
    },
    "gene_density_species_b": {
      "OZ002741.1": 4.234442260437667,
      "OZ002743.1": 4.442030834096186,
      "OZ002740.1": 2.667252074799931,
      "OZ002744.1": 2.4035224884936626,
      "OZ002742.1": 3.9723801657461677,
      "OZ002745.1": 8.078227564895638,
      "CAWUPM010000830.1": 3.6516041040378524
    },
    "inversion_density_species_a": {
      "OZ005741.1": 1.5627799778860072,
      "OZ005740.1": 0.4877477219281839,
      "OZ005744.1": 2.005445240041744,
      "OZ005743.1": 3.088158011984411,
      "OZ005742.1": 0.20221482463587023,
      "CAWVNZ010001906.1": 0.0,
      "CAWVNZ010001975.1": 226.03978300180833
    },
    "inversion_density_species_b": {
      "OZ002741.1": 1.7015405874638752,
      "OZ002743.1": 3.3834396775099798,
      "OZ002740.1": 0.454225105807513,
      "OZ002744.1": 2.0708315225722234,
      "OZ002742.1": 0.25007720171767645,
      "OZ002745.1": 2.2779836024231774,
      "CAWUPM010000830.1": 1.8258020520189262
    }
  }
}