{
  "inversion_rates": {
    "total_chromosome_pairs_with_inversions": 7,
    "total_flipped_genes": "1540",
    "total_analysed_genes": 3134,
    "genome_coverage_mb": 417.877793,
    "inversion_events_per_mb": 0.016751308916767443,
    "flipped_genes_per_mb": 3.6852879616888377,
    "rates_by_type": {
      "Multiple Single Gene Flips": 0.0023930441309667778,
      "Large Multigene Inversion within": 0.007179132392900333,
      "Single Gene Inversions": 0.007179132392900333,
      "None": 0.0
    },
    "rates_by_chromosome": {
      "OU343114.1": 0.0047860882619335555,
      "OU343115.1": 0.0047860882619335555,
      "OU343116.1": 0.0047860882619335555,
      "OU343117.1": 0.0023930441309667778
    },
    "global_flip_rate": 0.4913848117421825
  },
  "gene_density_correlation": {
    "gene_density_species_a": {
      "OU343114.1": 10.22882717416697,
      "OU343115.1": 11.078949901226954,
      "OU343116.1": 13.175370165710225,
      "OU343117.1": 12.830953847830491
    },
    "gene_density_species_b": {
      "CM085463.1": 7.185905186752386,
      "CM085467.1": 9.635202426793658,
      "CM085462.1": 3.4739465063006882,
      "CM085464.1": 6.453023448904423,
      "CM085465.1": 5.378099854251049,
      "CM085468.1": 2.5354397428658433,
      "CM085469.1": 0.37739167255083184,
      "CM085466.1": 97.58953840148337
    },
    "inversion_density_species_a": {
      "OU343114.1": 5.488889205796719,
      "OU343115.1": 5.202899257411645,
      "OU343116.1": 6.4126277170170045,
      "OU343117.1": 5.806412658986583
    },
    "inversion_density_species_b": {
      "CM085463.1": 3.860435985639612,
      "CM085467.1": 4.23948906778921,
      "CM085462.1": 1.7178255165014429,
      "CM085464.1": 2.9294677879153412,
      "CM085465.1": 2.652381064482904,
      "CM085468.1": 1.0775618907179834,
      "CM085469.1": 0.1257972241836106,
      "CM085466.1": 0.0
    }
  }
}