{
  "inversion_rates": {
    "total_chromosome_pairs_with_inversions": 6,
    "total_flipped_genes": "1116",
    "total_analysed_genes": 4787,
    "genome_coverage_mb": 1372.844811,
    "inversion_events_per_mb": 0.004370486709003557,
    "flipped_genes_per_mb": 0.8129105278746616,
    "rates_by_type": {
      "Minor strand differences (<50%)": 0.004370486709003557
    },
    "rates_by_chromosome": {
      "OZ005741.1": 0.0007284144515005928,
      "OZ005743.1": 0.0007284144515005928,
      "OZ005740.1": 0.0007284144515005928,
      "OZ005744.1": 0.0014568289030011856,
      "OZ005742.1": 0.0007284144515005928
    },
    "global_flip_rate": 0.2331313975349906
  },
  "gene_density_correlation": {
    "gene_density_species_a": {
      "OZ005741.1": 3.8950203265632166,
      "OZ005743.1": 4.045117156416706,
      "OZ005740.1": 2.8644699362479034,
      "OZ005744.1": 3.6592247270903866,
      "OZ005742.1": 3.1510874442826413
    },
    "gene_density_species_b": {
      "OZ002741.1": 4.224737656326655,
      "OZ002743.1": 4.431192865117087,
      "OZ002740.1": 2.6676787998509273,
      "OZ002744.1": 2.360290473080887,
      "OZ002742.1": 3.972581053194048,
      "OZ002745.1": 8.08287807767554
    },
    "inversion_density_species_a": {
      "OZ005741.1": 1.5568151688101064,
      "OZ005743.1": 0.9615821354681998,
      "OZ005740.1": 0.4878107218164746,
      "OZ005744.1": 0.7793673444711992,
      "OZ005742.1": 0.19074379202679428
    },
    "inversion_density_species_b": {
      "OZ002741.1": 1.6886011153158609,
      "OZ002743.1": 1.0533578467935476,
      "OZ002740.1": 0.4542977758161975,
      "OZ002744.1": 0.31199241885551954,
      "OZ002742.1": 0.24047100806259372,
      "OZ002745.1": 2.2601412634258615
    }
  }
}