{
  "inversion_rates": {
    "total_chromosome_pairs_with_inversions": 10,
    "total_flipped_genes": "1610",
    "total_analysed_genes": 3287,
    "genome_coverage_mb": 525.609637,
    "inversion_events_per_mb": 0.019025526352744557,
    "flipped_genes_per_mb": 3.063109742791873,
    "rates_by_type": {
      "Minor strand differences (<50%)": 0.0057076579058233665,
      "High strand discordance (Many small inversions[>50%])": 0.0057076579058233665,
      "Large-scale inversion (negative correlation)": 0.007610210541097822
    },
    "rates_by_chromosome": {
      "OY284468.1": 0.003805105270548911,
      "OY284470.1": 0.003805105270548911,
      "OY284471.1": 0.0019025526352744555,
      "OY284469.1": 0.0057076579058233665,
      "OY284472.1": 0.0019025526352744555,
      "OY284473.1": 0.0019025526352744555
    },
    "global_flip_rate": 0.48980833586857314
  },
  "gene_density_correlation": {
    "gene_density_species_a": {
      "OY284468.1": 14.15560369516842,
      "OY284470.1": 14.237245255154534,
      "OY284471.1": 12.929575253622167,
      "OY284469.1": 13.066442081425475,
      "OY284472.1": 5.503522967208683,
      "OY284473.1": 0.7649601680251639
    },
    "gene_density_species_b": {
      "CM085463.1": 7.169414257263586,
      "CM085462.1": 4.3220452329963095,
      "CM085464.1": 6.391612630908217,
      "CM085465.1": 5.155247271496603,
      "CM085467.1": 8.976407824971503,
      "CM085468.1": 2.4654117489370515,
      "CM085469.1": 1.7643425902252199
    },
    "inversion_density_species_a": {
      "OY284468.1": 6.465784393825657,
      "OY284470.1": 7.328611495647393,
      "OY284471.1": 6.539586822493195,
      "OY284469.1": 6.330640543326296,
      "OY284472.1": 2.923746576329613,
      "OY284473.1": 0.3991096528826942
    },
    "inversion_density_species_b": {
      "CM085463.1": 3.2627707669282313,
      "CM085462.1": 2.2572414333578803,
      "CM085464.1": 3.2470211602530523,
      "CM085465.1": 2.4980295567346964,
      "CM085467.1": 4.350528945845084,
      "CM085468.1": 1.180619710758588,
      "CM085469.1": 0.9205265688131582
    }
  }
}