{
  "inversion_rates": {
    "total_chromosome_pairs_with_inversions": 7,
    "total_flipped_genes": "2374",
    "total_analysed_genes": 4721,
    "genome_coverage_mb": 1345.959662,
    "inversion_events_per_mb": 0.005200750213864879,
    "flipped_genes_per_mb": 1.7637972868164604,
    "rates_by_type": {
      "Minor strand differences (<50%)": 0.0037148215813320564,
      "High strand discordance (Many small inversions[>50%])": 0.0007429643162664113,
      "Large-scale inversion (negative correlation)": 0.0007429643162664113
    },
    "rates_by_chromosome": {
      "OZ002741.1": 0.0014859286325328226,
      "OZ002743.1": 0.0007429643162664113,
      "OZ002740.1": 0.0007429643162664113,
      "OZ002744.1": 0.0007429643162664113,
      "OZ002742.1": 0.0007429643162664113,
      "OZ002745.1": 0.0007429643162664113
    },
    "global_flip_rate": 0.5028595636517686
  },
  "gene_density_correlation": {
    "gene_density_species_a": {
      "OZ002741.1": 4.1373962193275595,
      "OZ002743.1": 4.381438691944121,
      "OZ002740.1": 2.6412661384662646,
      "OZ002744.1": 2.342511349382614,
      "OZ002742.1": 3.9341056919040334,
      "OZ002745.1": 7.929648161511074
    },
    "gene_density_species_b": {
      "OZ038371.1": 5.115029242630785,
      "OZ038373.1": 5.582554430922178,
      "OZ038372.1": 6.140879676960744,
      "OZ038375.1": 6.466934279597196,
      "OZ038374.1": 5.497945052300446,
      "OZ038376.1": 3.902451207652551
    },
    "inversion_density_species_a": {
      "OZ002741.1": 1.9603300304241604,
      "OZ002743.1": 2.0362293111694063,
      "OZ002740.1": 1.5028804327873044,
      "OZ002744.1": 1.4462461374449183,
      "OZ002742.1": 1.914149224178246,
      "OZ002745.1": 3.562595550823816
    },
    "inversion_density_species_b": {
      "OZ038371.1": 2.4220029130371166,
      "OZ038373.1": 2.594435700844758,
      "OZ038372.1": 3.4941605361906634,
      "OZ038375.1": 3.3996136726736252,
      "OZ038374.1": 2.675039279725645,
      "OZ038376.1": 1.8645044658784409
    }
  }
}