{
  "inversion_rates": {
    "total_chromosome_pairs_with_inversions": 6,
    "total_flipped_genes": "2391",
    "total_analysed_genes": 4704,
    "genome_coverage_mb": 1432.534474,
    "inversion_events_per_mb": 0.004188380879411912,
    "flipped_genes_per_mb": 1.6690697804456467,
    "rates_by_type": {
      "Minor strand differences (<50%)": 0.002094190439705956,
      "High strand discordance (Many small inversions[>50%])": 0.0013961269598039704,
      "Large-scale inversion (negative correlation)": 0.0006980634799019852
    },
    "rates_by_chromosome": {
      "OZ005741.1": 0.0013961269598039704,
      "OZ005743.1": 0.0006980634799019852,
      "OZ005740.1": 0.0006980634799019852,
      "OZ005744.1": 0.0006980634799019852,
      "OZ005742.1": 0.0006980634799019852
    },
    "global_flip_rate": 0.5082908163265306
  },
  "gene_density_correlation": {
    "gene_density_species_a": {
      "OZ005741.1": 3.7966009768108533,
      "OZ005743.1": 4.0127562191653725,
      "OZ005740.1": 2.830436630074661,
      "OZ005744.1": 3.5926933684160156,
      "OZ005742.1": 3.0862345549935313
    },
    "gene_density_species_b": {
      "OZ038371.1": 5.093519447665979,
      "OZ038373.1": 5.60225684206113,
      "OZ038372.1": 6.128597917606823,
      "OZ038375.1": 6.4413732745395,
      "OZ038374.1": 5.4374542143167,
      "OZ038376.1": 3.8590906386786332
    },
    "inversion_density_species_a": {
      "OZ005741.1": 1.8759324543707987,
      "OZ005743.1": 2.015624091654496,
      "OZ005740.1": 1.6250903697723253,
      "OZ005744.1": 1.672788446669891,
      "OZ005742.1": 1.5297652120548901
    },
    "inversion_density_species_b": {
      "OZ038371.1": 2.525249928868184,
      "OZ038373.1": 2.8140368469339316,
      "OZ038372.1": 3.5187240548985064,
      "OZ038375.1": 2.999157926769714,
      "OZ038374.1": 2.6952028923868934,
      "OZ038376.1": 1.8211438969045237
    }
  }
}